RowID,Cluster Title,Story Title,Story Summary,Owner,AI Captured Date & Time,Assigned Date & Time,Moved to Not Impactful (Owner),Date & Time when moved to Not Impactful,Suppliers,Linked Stories,Event Classification,Not Impactful Feedback,Feedback
101,Industrial deal tensions at Clifton Heritage Authority,Industrial deal tensions at Clifton Heritage Authority,"Negotiations between BCPOU and Clifton Heritage Authority stalled over staff concerns about management, leaving employees without a completed industrial agreement for over two months; safety issues include prolonged power outages, inadequate lighting, lack of PPE and salary scale disparities.  A ministerial meeting was convened to resolve issues.",Abeer Khan,2026-09-07 16:27:26.389,2026-09-07 16:34:30.594,Abeer Khan,2026-09-07 16:36:49.520,"MAS COMMUNICATIONS, AT, HERITAGE, T C, PRESIDENT, AND, BY, INDUSTRIAL, CE LINK",0.0,Non-Event,,AGREED
102,Payroll Executive Sued For Client Poaching Via LinkedIn - Law360,Payroll Executive Sued For Client Poaching Via LinkedIn - Law360,"A workforce management company sued its former sales manager and a competitor, alleging the executive used LinkedIn to poach clients from his former employer; potential customer loss and legal risks may affect business operations.",Abeer Khan,2026-09-07 16:27:24.814,2026-09-07 16:34:30.594,Abeer Khan,2026-09-07 16:36:49.520,"WORKFORCE, LINKEDIN, T C, COMPANY H, CE LINK, FORCE MANAGEMENT, COMPANY, VIA",0.0,Non-Event,,AGREED
103,Noida Sector 53 Residents Endure 10-Day Power Crisis Following Cable Fault,Noida Sector 53 Residents Endure 10-Day Power Crisis Following Cable Fault,"Residents of Noida Sector 53 have spent the last 10 days dealing with persistent power supply issues, triggered by a damaged underground cable that forced the local electricity department to reroute...",Abeer Khan,2026-09-07 16:27:24.313,2026-09-07 16:50:15.197,Abeer Khan,2026-09-07 16:57:51.187,"THAT, A, CABLE, BY, DAYS, LOCAL, CE LINK",0.0,Event,,AGREED
104,AIRCRAFT ACCIDENT Plane crash in Miami involving an Amazon aircraft leaves five dead,AIRCRAFT ACCIDENT Plane crash in Miami involving an Amazon aircraft leaves five dead,"...Miami e matou 5 pessoas

Pelo menos cinco pessoas morreram em um acidente com um avi&atilde;o de carga da Amazon Prime Air no Aeroporto Internacional de Miami neste domingo (6). A aeronave ultrapassou...",Ayush Bhartwal,2026-09-07 16:25:19.830,2026-09-07 17:35:09.136,Ayush Bhartwal,2026-09-07 17:55:29.600,"NO, A, AMAZON, PRIME, PRIME AIR, E, 5, NESTE, AMAZON DE, CE LINK",0.0,Event,,AGREED
105,"September 01, 2026: Walmart expands recall of organic frozen berries tied to E. coli outbreak, FDA classifies highest risk","September 01, 2026: Walmart expands recall of organic frozen berries tied to E. coli outbreak, FDA classifies highest risk",The U.S. Food and Drug Administration said more frozen organic berries are being recalled in connection with a multistate E. coli outbreak. The expanded recall now covers organic frozen mixed...,Abeer Khan,2026-09-07 16:24:22.401,2026-09-07 16:50:15.197,Abeer Khan,2026-09-07 16:57:51.187,"CONNECTION, A, FDA, ADMINISTRATION, WALMART, AND, NOW, RECALL, FOOD AND DRUG ADMINISTRATION, CE LINK",0.0,Event,,AGREED
106,"September 03, 2026: Foodborne outbreak and recalls prompt scrutiny of government support for health agencies","September 03, 2026: Foodborne outbreak and recalls prompt scrutiny of government support for health agencies","Jalapenos, frozen berries, beef and alfalfa sprouts were among the recalled items.

A summer of recalls has raised fears of foodborne illness, notably the record-shattering cyclosporiasis outbreak...",Abeer Khan,2026-09-07 16:24:20.244,2026-09-07 16:34:30.594,Abeer Khan,2026-09-07 16:36:49.520,"A, AND, CE LINK",0.0,Non-Event,,AGREED
107,NTSB to provide more details on deadly Amazon cargo plane crash at Miami International Airport,NTSB to provide more details on deadly Amazon cargo plane crash at Miami International Airport,"An Amazon-operated Boeing 767-300 cargo flight (21 Air Flight 7598) overran runway 12/30 at Miami International Airport on Sept 7, 2026, killing at least five, injuring five, striking multiple vehicles and causing a fuel leak; investigations ongoing.",Abeer Khan,2026-09-07 16:23:29.133,2026-09-07 16:50:15.197,Abeer Khan,2026-09-07 16:57:51.187,"MIAMI INTERNATIONAL AIRPORT, A, AMAZON, PRIME, AT, BE, PRIME AIR, AIRPORT, AND, AMI INTERNATIONAL, INTERNATIONAL, CE LINK",7.0,Event,,AGREED
108,NTSB to provide more details on deadly Amazon cargo plane crash at Miami International Airport,Video: Plane crash at Miami Airport left at least five people dead,"An Amazon-operated Boeing 767-300 cargo plane operated by 21 Air veered off the runway during landing at Miami International Airport on 2026-09-07, colliding with vehicles; at least five people were killed and five injured; FAA and NTSB investigating.",Abeer Khan,2026-09-07 16:39:32.514,2026-09-07 16:50:15.197,Abeer Khan,2026-09-07 16:57:51.187,"AMAZON, EL, AL, CE LINK",7.0,Event,,AGREED
109,NTSB to provide more details on deadly Amazon cargo plane crash at Miami International Airport,Audio: firefighters respond to deadly Amazon cargo plane crash - Main Stream Videos,"An Amazon cargo plane overran a runway at Miami International Airport on Sept 7, 2026, killing five; Miami-Dade Fire Rescue responded and the incident likely disrupted airport operations and flights.",Abeer Khan,2026-09-07 16:49:19.694,2026-09-07 16:50:15.197,Abeer Khan,2026-09-07 16:57:51.187,"AMAZON, AN, CE LINK",7.0,Event,,AGREED
110,NTSB to provide more details on deadly Amazon cargo plane crash at Miami International Airport,Authorities are investigating whether an Amazon plane landed too late before the crash that left five dead,"A Boeing 767 cargo aircraft operated by 21 Air for Amazon overran the runway while landing at Miami International Airport on Sept 7, 2026, struck vehicles, caught fire, causing five deaths, five injuries, and major airport disruptions with 160+ cancellations and ~325 delays.",Abeer Khan,2026-09-07 16:39:32.086,2026-09-07 16:50:15.197,Abeer Khan,2026-09-07 16:57:51.187,"AMAZON, LA, EL, CE LINK, LAS",7.0,Event,,AGREED
111,NTSB to provide more details on deadly Amazon cargo plane crash at Miami International Airport,LIVE NOW: View of the road leading to Miami airport after plane crash killed five people,"On September 7, an Amazon Prime Air Boeing 767 overran a runway at Miami airport, killing five people and causing an airport disruption at the runway area.",Abeer Khan,2026-09-07 16:39:22.068,2026-09-07 16:50:15.197,Abeer Khan,2026-09-07 16:57:51.187,"A, AMAZON, PRIME, FIVE, BOEING, PRIME AIR, AIRPORT, AND, PEOPLE, T I, CE LINK, ON",7.0,Event,,AGREED
112,NTSB to provide more details on deadly Amazon cargo plane crash at Miami International Airport,Amazon plane crash in Miami: the hypotheses and questions surrounding the tragedy,"On Sept 6 a Boeing 767-300 operated by 21 Air for Amazon Prime Air veered off the runway at Miami International Airport, hitting vehicles and catching fire; five dead, five injured; runways/taxiways closed, 160+ cancellations and ~325 delays.",Abeer Khan,2026-09-07 16:27:31.486,2026-09-07 16:50:15.197,Abeer Khan,2026-09-07 16:57:51.187,"AMAZON, LA, EL, Y, CE LINK, LAS",7.0,Event,,AGREED
113,NTSB to provide more details on deadly Amazon cargo plane crash at Miami International Airport,Amazon cargo plane crash in Miami results in five deaths and temporarily suspends operations at the airport,"An Amazon-operated cargo Boeing 767 overshot runway 30 at Miami International Airport on 2026-09-06, causing a large fire, five fatalities, damaged navigation equipment, suspension of ground operations for ~3 hours and continuing delays while the aircraft remained immobilized.",Abeer Khan,2026-09-07 16:25:18.854,2026-09-07 16:50:15.197,Abeer Khan,2026-09-07 16:57:51.187,"NO, AMAZON, NA, E, NESTE, CE LINK",7.0,Event,,AGREED
114,NTSB to provide more details on deadly Amazon cargo plane crash at Miami International Airport,Amazon cargo plane crashes after veering off runway in Miami,"Prime Air flight 7598, a Boeing 767-300 operating for Amazon, veered off the runway and crashed at Miami International Airport on Sept 7, 2026, killing five and injuring five; flight originated in San Juan, Puerto Rico.",Abeer Khan,2026-09-07 16:39:30.489,2026-09-07 16:50:15.197,Abeer Khan,2026-09-07 16:57:51.187,"AMAZON, LA, EL, CE LINK",7.0,Event,,AGREED
115,Amazon: fatal accident at Miami airport,Amazon: fatal accident at Miami airport,"Un avion a d&eacute;pass&eacute; la piste de l'a&eacute;roport international de Miami et a pris feu hier Un avion-cargo d'Amazon a d&eacute;pass&eacute; la piste de l'a&eacute;roport international de Miami et a pris feu hier, causant...",Abeer Khan,2026-09-07 16:22:21.366,2026-09-07 16:34:30.594,Abeer Khan,2026-09-07 16:36:49.520,"A, AMAZON, LA, INTERNATIONAL D, T I, INTERNATIONAL, CE LINK, AVION",0.0,Non-Event,,AGREED
116,Why the ‘Temu Range Rover’ is such a threat to Jaguar Land Rover,Why the ‘Temu Range Rover’ is such a threat to Jaguar Land Rover,"Jaguar Land Rover announced a major corporate restructuring to shed 4,000 jobs following falling sales, a costly cyber-attack, intense Chinese competition, US tariffs, high UK energy costs, and heavy EV investments.",Deepika Rao,2026-09-07 16:22:20.916,2026-09-07 18:16:05.370,Deepika Rao,2026-09-07 18:16:28.452,"THAT, BAILEY, ALL, E COMPANY, DAVID, ALONG, VOLKSWAGEN, INDUSTRIAL, WILLING, LOCAL, CE LINK, MARKET, JAGUAR LAND ROVER, COMPANY D, COMPANY I, AUDI, COMPANY H, PIVOTAL, IS, COMPANY L, SOME SA, AN, SUPPLIER T, COMPANY, EUROPE, SCHMIDT, AS, IMPACT, SEE, AT, 6, AND, NOW, END, A, MERCEDES BENZ, MAJOR, BE, MARKET SHARE, BYD, SUPPLIER, VOLKSWAGEN GROUP, WORLDWIDE, SOME, EFFORT, BY, PRODUCTION, ON, CHINA A, BIRMINGHAM, MANUFACTURE, CHINA, USE, PROFIT, GO, AS TRAVEL, F TECH, MARK, OVER, HIT, BAR, T C, SHARP, E MARKE, WING YE, T I, RAPID",0.0,Non-Event,,AGREED
117,TekCor4 appoints COO to lead AI aftersales solution launch,TekCor4 appoints COO to lead AI aftersales solution launch,"TekCor4 promoted Jacob Sullivan to COO to lead day-to-day operations and the launch of an AI-based aftersales solution (VoiceBox Predictions), accelerating product rollouts after acquiring Marketing Delivery.",Abeer Khan,2026-09-07 16:21:28.721,2026-09-07 16:50:15.197,Abeer Khan,2026-09-07 16:57:51.187,"A, D TECH, 3, ND TECHNOLOGY, MOTOR, AND, AI, CE LINK",0.0,Event,,AGREED
118,A shambles from start to finish' -Ryanair calls on EU to act after airports see huge summer delays,A shambles from start to finish' -Ryanair calls on EU to act after airports see huge summer delays,A new system has caused some congestion in airports across the EU Ryanair has called on the EU Commission to extend the Entry/Exit System EES exemption until next April in a bid to ease passenger...,Abeer Khan,2026-09-07 16:21:19.948,2026-09-07 16:34:30.594,Abeer Khan,2026-09-07 16:36:49.520,"RYANAIR, A, SOME, ACT, SEE, NEXT, CE LINK, ON",0.0,Non-Event,,AGREED
119,After the insolvency of Wangerland Touristik: Private homes searched,After the insolvency of Wangerland Touristik: Private homes searched,"Wangerland Touristik GmbH filed for insolvency in mid-2025; prosecutors searched private homes in Hamburg, Wittmund and Oldenburg, seizing documents amid probes into delayed insolvency filing, embezzlement and accounting violations. Assets and sites (spa, campsites) are closed or being sold.",Abeer Khan,2026-09-07 16:21:19.413,2026-09-07 16:50:15.197,Abeer Khan,2026-09-07 17:38:23.423,CE LINK,0.0,Event,,AGREED
120,"Email: Google Alert - ""manufacturing fire” OR “halt manufacturing” OR “work stoppage” OR “halt operations”","Email: Google Alert - ""manufacturing fire” OR “halt manufacturing” OR “work stoppage” OR “halt operations”","A volcanic eruption in Indonesia produced ash detected around Soekarno-Hatta International Airport near Jakarta, forcing authorities to halt operations at multiple airports and disrupting hundreds of flights.",Ayush Bhartwal,2026-09-07 16:20:29.129,2026-09-07 17:35:09.136,Ayush Bhartwal,2026-09-07 17:45:31.930,"THAT, A, ALL, AIRPORT, CIRUBON, IS, T 9, INDUSTRIAL, AS, SEE, AT, BY, AND, LOCAL, MANUFACTURING, UPDATE, T I, PM, INTERNATIONAL, ON, GOOGLE",0.0,Event,"[""Already Notified""]",AGREED
121,"Nepal flood death toll reaches 1,355 people","Nepal flood death toll reaches 1,355 people","Flash floods in northern Nepal on 2026-08-26 after a glacier receded triggered a landslide and inundated the Bhotekoshi River, killing at least 1,355 and leaving 4,996 missing, causing major humanitarian and infrastructure disruption.",Abeer Khan,2026-09-07 16:20:18.997,2026-09-07 16:50:15.197,Abeer Khan,2026-09-07 16:57:51.187,"CHINA, CE LINK",0.0,Event,,AGREED
122,Bandara Ditutup! Penumpang Kereta Surabaya-Jakarta Melonjak 88 Persen | BERUT,Bandara Ditutup! Penumpang Kereta Surabaya-Jakarta Melonjak 88 Persen | BERUT,"Eruption of Mount Anak Krakatoa closed Soekarno-Hatta International Airport, causing passengers to switch to trains; PT KAI Daop 8 Surabaya added an extra Pasar Turi-Jakarta service (582 seats), with passenger numbers up 88%.",Abeer Khan,2026-09-07 16:20:18.713,2026-09-07 16:50:15.197,Abeer Khan,2026-09-07 16:57:51.187,CE LINK,0.0,Event,,AGREED
123,France records its lowest wine production since 1957 due to droughts and heat waves,France records its lowest wine production since 1957 due to droughts and heat waves,"France's 2026 wine harvest is forecast at 33.9 million hectoliters (as of Sept 1), a 17% decline versus 2021-2025 average, driven by summer droughts and heat waves reducing vineyard area and yields.",Abeer Khan,2026-09-07 16:17:29.443,2026-09-07 16:50:15.197,Abeer Khan,2026-09-07 16:57:51.187,"LA, EL, FRANCIA, Y, CE LINK, LAS",0.0,Event,,AGREED
124,Carpintero-Kirigueti Native Community surrounds Plus Petrol plant and demands closure of gas facility in the Vraem,Carpintero-Kirigueti Native Community surrounds Plus Petrol plant and demands closure of gas facility in the Vraem,"Members of the Carpintero-Kirigueti Native Community surrounded Plus Petrol's Mipaya plant in Megantoni, La Convención, and blocked Urubamba River boat traffic, demanding closure and threatening valve shutdowns that could halt Block 56 gas production.",Abeer Khan,2026-09-07 16:17:23.983,2026-09-07 16:50:15.197,Abeer Khan,2026-09-07 16:57:51.187,"A, HAN, LA, EL, PETROL, Y, AL, CE LINK, LAS",0.0,Event,,AGREED
125,Two wounded after explosion at Renault garage in Ixelles,Two wounded after explosion at Renault garage in Ixelles,"An explosion at Renault garage at Pleinlaan 21 in Ixelles injured two employees while they worked on a tank; suspected residual toxic or flammable liquid ignited, fire brigade on site, safety perimeter set up, and investigators opened probe into occupational safety.",Abeer Khan,2026-09-07 16:16:29.448,2026-09-07 16:50:15.197,Abeer Khan,2026-09-07 16:57:51.187,"VAN, NA, CE LINK",0.0,Event,,AGREED
126,Govt hourly paid workers to strike on September 17,Govt hourly paid workers to strike on September 17,"Trade unions SEK, PEO and Deok announced a 24-hour nationwide strike by government hourly workers on September 17 over a collective agreement renewal dispute; services across departments, school boards and state health services (Okypy) will be disrupted.",Abeer Khan,2026-09-07 16:12:31.915,2026-09-07 16:50:15.197,Abeer Khan,2026-09-07 16:57:51.187,"THAT, A, E ON, CE LINK, E ON SE, ON",0.0,Event,,AGREED
127,Cleaning and concierge staff of Santiago schools announce ten new strike days,Cleaning and concierge staff of Santiago schools announce ten new strike days,"Cleaning and concierge staff in Santiago de Compostela plan ten strike days from Sept 14–18 and Sept 21–25 against concessionaire Lacera over stalled negotiations on wages, schedules, and a 37.5-hour workweek, disrupting municipal school services.",Abeer Khan,2026-09-07 16:11:31.249,2026-09-07 16:50:15.197,Abeer Khan,2026-09-07 16:57:51.187,"A, LA, EL, Y, CE LINK",0.0,Event,,AGREED
128,New Lululemon CEO faces multifront battle to refashion company’s edge,New Lululemon CEO faces multifront battle to refashion company’s edge,Headline reports a new CEO at Lululemon expected to undertake strategic changes; potential impacts include organizational restructuring and supplier/operational adjustments.,Abeer Khan,2026-09-07 16:11:23.369,2026-09-07 16:50:15.197,Abeer Khan,2026-09-07 16:57:51.187,"T C, AND, N COMPANY, CE LINK, ON",0.0,Event,,AGREED
129,Mumbai airport says closely monitoring cargo ops as increased volumes causes congestion,Mumbai airport says closely monitoring cargo ops as increased volumes causes congestion,"Mumbai Airport's cargo terminal is experiencing severe congestion due to seasonal surge and increased odd-sized, time-sensitive shipments linked to West Asia tensions, causing 48-72 hour truck wait times; phased transfers to Navi Mumbai airport underway.",Abeer Khan,2026-09-07 16:11:21.988,2026-09-07 16:50:15.197,Abeer Khan,2026-09-07 16:57:51.187,"NAVI, AS, AT, OPS, AIRPORT, IS, T I, INTERNATIONAL, CE LINK",0.0,Event,,AGREED
130,Grindr Settles UK Privacy Lawsuit for £26 Million Over HIV Data Sharing Claims - News Directory 3,Grindr Settles UK Privacy Lawsuit for £26 Million Over HIV Data Sharing Claims - News Directory 3,"Grindr agreed to pay £26 million to settle a UK group privacy lawsuit by 12,000 users alleging sharing HIV status with third-party advertisers; payment split into two installments, no admission of liability; follows prior Norway fine.",Abeer Khan,2026-09-07 16:11:19.348,2026-09-07 16:50:15.197,Abeer Khan,2026-09-07 16:57:51.187,"A, OVER, HIV, CE LINK",1.0,Event,,AGREED
131,Grindr Settles UK Privacy Lawsuit for £26 Million Over HIV Data Sharing Claims - News Directory 3,Grindr To Pay £26M To Settle UK HIV Data Breach Claim - Law360 UK,"Grindr agreed to pay £26 million to settle a UK group action alleging misuse of users' HIV status and test date data, representing a significant regulatory/legal financial penalty and compliance issue.",Abeer Khan,2026-09-07 16:39:21.042,2026-09-07 16:50:15.197,Abeer Khan,2026-09-07 16:57:51.187,"HIV, BY, PM, CE LINK",1.0,Event,,AGREED
132,Luminis Health Working to Restore Systems After Cyberattack,Luminis Health Working to Restore Systems After Cyberattack,"Luminis Health's Anne Arundel and Doctors Community hospitals experienced a cyberattack starting September 4, 2026, taking phone and MyChart systems offline and causing appointment rescheduling; separate breaches affected a Texas orthopedic surgeon (17,017 records), Well Child school health servers, and Horizon Eye Care in New Jersey.",Abeer Khan,2026-09-07 16:09:28.481,2026-09-07 16:50:15.197,Abeer Khan,2026-09-07 17:37:55.073,"THAT, A, BY, TEXAS, DAVID, IS, CE LINK",0.0,Event,,AGREED
133,"Beginning first round of reductions': JLR confirms 4,000 job cuts over next 2 years","Beginning first round of reductions': JLR confirms 4,000 job cuts over next 2 years","JLR confirmed 4,000 job cuts over the next two years as part of its 'Growth Reimagined' transformation to save ~£1.7bn, simplifying organization and enabling investment, following production impacts from a prior cyberattack.",Abeer Khan,2026-09-07 16:08:27.354,2026-09-07 16:50:15.197,Abeer Khan,2026-09-07 16:57:51.187,"OVER, 2, AL TECH, 5, AND, NEXT, BETWEEN, MANUFACTURING, CE LINK, ADVANCED",0.0,Event,,AGREED
134,Uber Layoffs 2026: Company Cuts 93 Washington Jobs Amid Global Restructuring | 📲 LatestLY,Uber Layoffs 2026: Company Cuts 93 Washington Jobs Amid Global Restructuring | 📲 LatestLY,"Uber announced a global restructuring eliminating about 3,300 corporate roles (≈10% of staff) and cutting 93 jobs in Washington state, reducing remote work and shifting to core office hubs to reallocate investment toward autonomous mobility.",Deepika Rao,2026-09-07 16:08:25.946,2026-09-07 16:19:50.324,Deepika Rao,2026-09-07 16:29:44.317,"CORE, COMPANY C, AND, GLOBAL, E COMPANY, CE LINK, COMPANY",0.0,Event,,AGREED
135,"Truck overturns near Zwinderen, load of soil on A37 ramp","Truck overturns near Zwinderen, load of soil on A37 ramp","A truck carrying soil overturned after leaving the A37 near Zwinderen, hitting a traffic sign and spilling soil onto the A37 slip road; the hard shoulder and one lane were closed, no injuries reported.",Abeer Khan,2026-09-07 16:08:19.732,2026-09-07 16:34:30.594,Abeer Khan,2026-09-07 16:36:49.520,"VAN, CE LINK",0.0,Non-Event,,AGREED
136,Hellweg hardware stores Bonn and Sankt Augustin begin the clearance sale,Hellweg hardware stores Bonn and Sankt Augustin begin the clearance sale,"Hellweg's DIY chain entered insolvency and has begun clearance sales at stores in Bonn, Beuel and Sankt Augustin, signaling liquidation and potential store closures; a new investor has expressed interest.",Abeer Khan,2026-09-07 16:06:29.317,2026-09-07 16:50:15.197,Abeer Khan,2026-09-07 16:57:51.187,CE LINK,0.0,Event,,AGREED
137,Cork's Flow Technology acquired by US firm,Cork's Flow Technology acquired by US firm,BW Forsyth Partners acquired Charleville-based Flow Technology to support expansion in the US and Europe and enhance service to global pharmaceutical and biotech manufacturers; Flow Technology will continue under existing leadership while leveraging Forsyth resources.,Abeer Khan,2026-09-07 16:03:24.334,2026-09-07 16:50:15.197,Abeer Khan,2026-09-07 16:57:51.187,"W TECH, FLOW TECHNOLOGY, BW, NORTH, GLOBAL LIFE SCIENCES, LIFE SCIENCES, BY, FLOW, CE LINK, PARTNERS",0.0,Event,,AGREED
138,Air India Express Singapore-bound flight with 180 on board makes emergency landing in Chennai after technical glitch,Air India Express Singapore-bound flight with 180 on board makes emergency landing in Chennai after technical glitch,"...for Singapore from Tiruchirappalli on Monday made an unscheduled landing at Chennai airport after it developed a technical glitch mid-air, airport authorities said on Monday.

The pilot of the...",Deepika Rao,2026-09-07 16:01:35.634,2026-09-07 16:10:04.133,Deepika Rao,2026-09-07 16:16:08.207,"A, AT, AIRPORT, EXPRESS, T C, AIR INDIA, SINGAPORE, TECHNICAL, AN, INDIA, CE LINK, ON",0.0,Non-Event,,AGREED
139,"El Niño threatens to leave 16 million without food in Latin America, according to the UN","El Niño threatens to leave 16 million without food in Latin America, according to the UN","UN World Food Programme warns El Niño-driven drought could push 16 million people in Latin America into food insecurity, damaging crops, reducing water availability, and disrupting logistics such as Panama Canal traffic; humanitarian aid deployed but resources insufficient.",Abeer Khan,2026-09-07 16:01:33.607,2026-09-07 16:50:15.197,Abeer Khan,2026-09-07 16:57:51.187,"A, LA, EL, Y, SIN, CE LINK",0.0,Event,,AGREED
140,(VIDEO) 24-hour strike reduces commercial and vehicular movement in Salcedo,(VIDEO) 24-hour strike reduces commercial and vehicular movement in Salcedo,"A 24-hour strike called by the Broad Front for Popular Struggle (Falpo) in Salcedo, Dominican Republic, led to widespread business closures and reduced vehicle and pedestrian movement; police and army were deployed and no disturbances reported.",Abeer Khan,2026-09-07 16:01:31.668,2026-09-07 16:50:15.197,Abeer Khan,2026-09-07 16:57:51.187,"NO, HAN, LA, EL, Y, CE LINK",0.0,Event,,AGREED
141,Danfoss strengthens manufacturing in North America with a new line of oil-free check valves - Digital Daily of Latin America,Danfoss strengthens manufacturing in North America with a new line of oil-free check valves - Digital Daily of Latin America,"Danfoss opened a new production line at its Monterrey, Mexico factory to assemble oil-free check valves, regionalizing supply for North American OEMs, reducing lead times, and expanding capacity for multiple models.",Abeer Khan,2026-09-07 16:01:29.661,2026-09-07 16:34:30.594,Abeer Khan,2026-09-07 16:36:49.520,"DANFOSS, LA, PRODUCTOS, E, ALTA, SIN, LA FABRICA, CE LINK",0.0,Non-Event,,AGREED
142,Schnucks sales tax settlement emails sent to rewards members. Here's how much money you could get,Schnucks sales tax settlement emails sent to rewards members. Here's how much money you could get,"Schnucks reached a class-action settlement over allegations it charged Missouri shoppers sales tax on full prices of discounted goods. Qualifying Schnucks Rewards members may get $7; Schnucks will update its payment system to apply pre-tax discounts by March 31. Final approval hearing set for Dec. 4, 2026.",Abeer Khan,2026-09-07 16:01:29.393,2026-09-07 16:34:30.594,Abeer Khan,2026-09-07 16:36:49.520,"THAT, A, COMPANY C, E COMPANY, CE LINK, COMPANY, ON",0.0,Non-Event,,AGREED
143,Alpine Section of Glacier National Park Temporarily Closed Due to Heavy Rainfall,Alpine Section of Glacier National Park Temporarily Closed Due to Heavy Rainfall,"Heavy rainfall beginning Sept. 6 and subsequent thunderstorms forced closure of Glacier National Park's alpine section of the Going-to-the-Sun Road (Avalanche to Jackson Glacier Overlook) and suspended Logan Pass Shuttle service, causing detours and limited access.",Abeer Khan,2026-09-07 16:01:20.035,2026-09-07 16:50:15.197,Abeer Khan,2026-09-07 16:57:51.187,"THAT, NATIONAL, PASS, ALPINE, 6, AND, BY, IS, CE LINK, ON",0.0,Event,,AGREED
144,"After hacker attack: ""Medium-term danger"" from leak of critical infrastructure information","After hacker attack: ""Medium-term danger"" from leak of critical infrastructure information",Hacker group Rhysida exfiltrated and published Berlin administration data including security-classified documents on power and water infrastructure; Berliner Wasserbetriebe affected. Berlin rejected a 30-Bitcoin ransom. Stadtwerke Landsberg am Lech suffered an encryption attack on Sept 1.,Deepika Rao,2026-09-07 15:59:28.303,2026-09-07 16:19:50.324,Deepika Rao,2026-09-07 16:29:44.317,"IM, CE LINK",0.0,Event,,AGREED
145,Layoffs Loom with Prospect of Paramount Skydance/ Warner Bros. Discovery Merger,Layoffs Loom with Prospect of Paramount Skydance/ Warner Bros. Discovery Merger,"Attorney generals filed suit July 13 to block the proposed Paramount Skydance and Warner Bros. Discovery merger; county estimates foresee ~4,500 direct LA film and TV job losses plus broader economic impacts if approved.",Deepika Rao,2026-09-07 15:57:31.925,2026-09-07 16:10:04.133,Deepika Rao,2026-09-07 16:16:08.207,"THAT, PARAMOUNT, WARNER, AND, CE LINK",0.0,Non-Event,,AGREED
146,"Crete Tourist Buses to Strike, Airport Transfers and Excursions Affected","Crete Tourist Buses to Strike, Airport Transfers and Excursions Affected","Tourist bus operators across Crete will stage a two-day strike on Sept 10-11, halting airport transfers, excursions and cruise-related transport around Heraklion and gathering at Heraklion Airport in protest.",Abeer Khan,2026-09-07 15:57:31.064,2026-09-07 16:50:15.197,Abeer Khan,2026-09-07 16:57:51.187,"AIRPORT, T C, AND, IS, DURING, CE LINK",0.0,Event,,AGREED
147,"SARA Affiliate Sells Milwaukee Sausage Plant for $13M, Klement's Plots 200 New Jobs","SARA Affiliate Sells Milwaukee Sausage Plant for $13M, Klement's Plots 200 New Jobs","General Capital Group affiliate purchased Klement's 15.4-acre Bay View manufacturing complex at 2650 S. Chase Ave., Milwaukee for $13M on Sept 2, 2026; Amylu Foods retains operations under lease through 2036, plans $10M investment and 200 new jobs.",Abeer Khan,2026-09-07 15:57:30.718,2026-09-07 16:50:15.197,Abeer Khan,2026-09-07 16:57:51.187,"UNDISCLOSED, CREATE, E COMPANY, ED K, SARA, COMPANY A, AN, CE LINK, COMPANY",0.0,Event,,AGREED
148,"Ανάκληση των παρτίδων του συνημμένου πίνακα, του Ιατροτεχνολογικού προϊόντος κατηγορίας MDD Class I, NDI","Ανάκληση των παρτίδων του συνημμένου πίνακα, του Ιατροτεχνολογικού προϊόντος κατηγορίας MDD Class I, NDI",Regulatory notice dated 07 Sep 2026 announces recall of batches of the MDD Class I medical device 'NDI Passive Sphere & biopsy needle kit'; decision available via linked document.,Deepika Rao,2026-09-07 15:53:31.465,2026-09-07 16:19:50.324,Deepika Rao,2026-09-07 16:29:44.317,"SEE, AL TECH, SPHERE, RECALL, I, CE LINK, SEP",0.0,Event,,AGREED
149,G2 Ocean sells another open hatch ship for scrap as fleet modernisation continues,G2 Ocean sells another open hatch ship for scrap as fleet modernisation continues,"G2 Ocean sold a 1996-built open-hatch dry cargo ship for recycling in India as part of its fleet modernisation; other ageing carriers noted sold for recycling in Pakistan, amid strong freight rates discouraging further scrapping.",Deepika Rao,2026-09-07 15:52:29.691,2026-09-07 16:10:04.133,Deepika Rao,2026-09-07 16:16:08.207,"SALE, AS, E COMPANY, IS, DRY, T I, CE LINK, OPEN",0.0,Non-Event,,AGREED
150,Toxics Watchdog Group Decries Online Sale of Banned Skin Lighteners Laced with Mercury,Toxics Watchdog Group Decries Online Sale of Banned Skin Lighteners Laced with Mercury,"EcoWaste Coalition warns banned Goree mercury-laced skin-lightening products remain sold on Lazada, Shopee and social media despite bans by multiple countries, urging stronger FDA enforcement.",Deepika Rao,2026-09-07 15:52:29.288,2026-09-07 16:10:04.133,Deepika Rao,2026-09-07 16:16:08.207,"SALE, MERCURY, 7, AN, CE LINK",0.0,Non-Event,,AGREED
151,"Weija Dam Spillage: GWL Urges Residents in 8 Communities to Evacuate by September 9, 2026","Weija Dam Spillage: GWL Urges Residents in 8 Communities to Evacuate by September 9, 2026","Ghana Water Ltd announced planned spillage from Weija Dam beginning 2026-09-09 due to high water levels from upstream heavy rains, urging evacuation of Tetegu, Oblogo, Lower Weija, Bojo Beach, Ada Kopey and nearby communities.",Abeer Khan,2026-09-07 15:51:43.269,2026-09-07 16:50:15.197,Abeer Khan,2026-09-07 16:57:51.187,"MAXIMUM, UPSTREAM, AND, BY, E COMPANY, UM T, COMPANY A, CE LINK, COMPANY",0.0,Event,,AGREED
152,"Civil Defense volunteers control a forest fire near a gas depot in Cajamarca, Tolima","Civil Defense volunteers control a forest fire near a gas depot in Cajamarca, Tolima","A forest fire in the El Chuzo area of Cajamarca, Tolima, threatened the Alcanos gas depot; Civil Defense volunteers quickly contained and extinguished the blaze, protecting infrastructure and the local community.",Abeer Khan,2026-09-07 15:51:41.864,2026-09-07 16:50:15.197,Abeer Khan,2026-09-07 16:57:51.187,"A, LA, EL, CE LINK",0.0,Event,,AGREED
153,KLIA rolls out 'Malaysian Hospitality' for passengers hit by volcanic ash disruption,KLIA rolls out 'Malaysian Hospitality' for passengers hit by volcanic ash disruption,Kuala Lumpur International Airport (KLIA) provided assistance under a 'Malaysian Hospitality' program to passengers affected by volcanic ash disrupting flights and airport operations.,Abeer Khan,2026-09-07 15:51:41.199,2026-09-07 16:50:15.197,Abeer Khan,2026-09-07 16:57:51.187,"AL MANA, HIT, ABD, AND, BY, GENERAL, CE LINK",0.0,Event,,AGREED
154,Transporters block three national routes in rejection of the fuel price increase,Transporters block three national routes in rejection of the fuel price increase,"Transport operators maintain blockades on CA-9 North at km136 (Riondo, Zacapa), National Route 14 at km96 (El Rodeo, Escuintla), and Ninth Avenue in Guatemala City zone 1, protesting fuel price increases and blocking traffic both directions.",Abeer Khan,2026-09-07 15:51:40.864,2026-09-07 16:50:15.197,Abeer Khan,2026-09-07 16:57:51.187,"1, LA, EL, Y, AL, CE LINK",1.0,Event,,AGREED
155,Transporters block three national routes in rejection of the fuel price increase,"Blockades at different points in Guatemala: Situation on roads this Monday, September 7","Residents and transport workers set up blockades at various points across Guatemala on Sept 7, 2026, blocking traffic on some routes in protest of rising fuel prices.",Abeer Khan,2026-09-07 16:01:30.670,2026-09-07 16:50:15.197,Abeer Khan,2026-09-07 16:57:51.187,"7, Y, CE LINK",1.0,Event,,AGREED
156,NHAI Warns RDS Projects of Contract Termination Over NH 66 Delay,NHAI Warns RDS Projects of Contract Termination Over NH 66 Delay,"NHAI has issued a cure period notice to RDS Projects Ltd over prolonged delays on the 29km Kazhakkoottam-Kadampattukonam stretch of NH 66 near Thiruvananthapuram, with work stalled at multiple sites due to funding disputes with subcontractor RKC Infrastructure, labour and material shortages, and 55% completion.",Abeer Khan,2026-09-07 15:51:39.252,2026-09-07 16:50:15.197,Abeer Khan,2026-09-07 16:57:51.187,"THAT, OVER, BE, STRETCH, PROJECTS, E COMPANY, CE LINK, COMPANY",0.0,Event,,AGREED
157,UK brickwork company falls into administration after 15 years in business,UK brickwork company falls into administration after 15 years in business,,Abeer Khan,2026-09-07 15:51:38.572,2026-09-07 16:50:15.197,Abeer Khan,2026-09-07 16:57:51.187,"COMPANY F, ADMINISTRATION, K COMPANY, CE LINK, COMPANY",0.0,Event,,AGREED
158,"LABOR DAY FORECST: Sunny start to day, showers and thunderstorms to develop","LABOR DAY FORECST: Sunny start to day, showers and thunderstorms to develop","An active weather pattern across West Palm Beach and South Florida will produce daily scattered showers and thunderstorms with frequent lightning, strong gusts, heavy rain and localized nuisance flooding, most widespread mid-afternoon to early evening.",Deepika Rao,2026-09-07 15:51:36.261,2026-09-07 16:10:04.133,Deepika Rao,2026-09-07 16:16:08.207,"AND, SUNNY, CE LINK, ON",0.0,Non-Event,,AGREED
159,Additional rain chances and a cooldown expected this week,Additional rain chances and a cooldown expected this week,"Slow-moving heavy showers and thunderstorms caused localized flooding across Siouxland (including Sioux City) with additional rain chances, severe storm risk, and cooling temperatures through the week.",Deepika Rao,2026-09-07 15:51:34.176,2026-09-07 18:16:05.370,Deepika Rao,2026-09-07 18:16:28.452,"A, SOME, BE, BY, AND, CE LINK",0.0,Non-Event,,AGREED
160,"An Amazon cargo plane overran the runway at Miami International Airport, killing and injuring 10 people.","An Amazon cargo plane overran the runway at Miami International Airport, killing and injuring 10 people.","Sep 07, 2026 11:07:00 Around 2 PM local time on September 6, 2026, an Amazon cargo plane overran the runway at Miami International Airport in Florida, USA, and collided with several vehicles parked off the runway. A fire broke out, resulting in multiple casualties. FAA Statements on Aviation Accidents and Incidents | Federal Aviation Administration https://www.faa.gov/newsroom/statements/accident_incidents Cargo Plane Crashes at Miami Airport, Striking Vehicles - The New York Times https://www.nytimes.com/2026/09/06/us/plane-crash-amazon-miami-airport.html At least 5 killed in Amazon Prime Air cargo plane crash in Miami | Reuters https://www.reuters.com/business/aerospace-defense/amazon-prime-air-boeing-767-overruns-runway-miami-airport-2026-09-06/ An Amazon cargo plane crashed at Miami International Airport | The Verge https://www.theverge.com/tech/990918/amazon-cargo-plane-crashed-miami At approximately 2 PM local time on September 6, 2026, Prime Air flight 7598 (an Amazon cargo plane) departed from Luis Muñoz Marín International Airport in Puerto Rico and crashed after failing to land properly at Miami International Airport, overrunning the runway. A cargo plane overran the runway and collided with several vehicles. As a result, the cargo plane burst into flames, and firefighters began battling the fire. The Miami-Dade Fire and Rescue Department's official X (formerly Twitter) account reported that more than 60 units were dispatched to the scene to fight the fire. #MDFR INCIDENT UPDATE #1: SEPT. 6 - 3:25 PM Over 60 Miami-Dade Fire Rescue units are on scene of an incident involving a plane that overran a runway and struck multiple vehicles near Miami International Airport. Units arrived to find an airplane that had caught on fire as a… pic.twitter.com/T0JTFZTb3F — Miami-Dade Fire Rescue (@MiamiDadeFire) September 6, 2026 According to Miami-Dade Fire and Rescue Commissioner Ray Jadara, at least five people were killed and five injured in the crash. Three of the injured are in serious condition, and the pilot and co-pilot were temporarily trapped inside the aircraft at the time of the crash. Miami International Airport suspended all flights immediately after the accident, but by the evening of the day the accident occurred, two of its four runways were back in operation. According to Flightradar24 , the crashed cargo plane was a Boeing 767-300 that had been operated as a passenger aircraft by several airlines between 1994 and 2015. The aircraft was subsequently operated as a cargo plane by the cargo airline 21 Air . 21 Air stated on its official website: 'We are deeply saddened by the accident involving one of our aircraft that occurred in Miami today. We extend our deepest condolences to the families and loved ones of those who lost their lives. Our immediate priorities are to provide assistance to those affected, cooperate with relevant authorities, and disseminate accurate information as it becomes available. We are working fully with the National Transportation Safety Board, the Federal Aviation Administration, and local authorities. The circumstances of the accident are currently under investigation, and we are refraining from speculating on the cause. We will post any additional verified information as it becomes available.' 21 Air https://21air.us/ Miami-based local media outlet NBC 6 South Florida has released footage of the cargo plane burning at the crash site, and the Amazon logo is clearly visible on the vertical stabilizer. When technology media outlet The Verge reached out to Amazon for comment, they received the following response: 'We have confirmed that an Amazon Air aircraft operated by 21 Air was involved in an incident today while attempting to land at Miami International Airport. The situation is evolving, and we are still gathering details. We are working closely with local authorities and relevant agencies to get an accurate picture of what happened. Our top priority at this time is the safety, health, and care of everyone involved. We are doing everything we can to support those affected.",Abeer Khan,2026-09-07 15:51:31.767,2026-09-07 16:50:15.197,Abeer Khan,2026-09-07 16:57:51.187,"THAT, MIAMI INTERNATIONAL AIRPORT, ALL, ADMINISTRATION, PRIME AIR, AIRPORT, E ON, BETWEEN, RAY, MULTIPLE, NBC, CARE, FIVE, LOCAL, MEDIA, CE LINK, ARGO AI, NATIONAL, REUTERS, AIR CAR, IS, AN, 2, AS, AT, BOEING, TOP, 5, 6, AND, THE NEW YORK TIMES, AMI INTERNATIONAL, INTERNATIONAL, E ON SE, SEP, A, AMAZON, A PASS, RICO, RE TEM, FEDERAL AVIATION ADMINISTRATION, E VERTICAL, PRIME, BY, X, UPDATE, ON, ACCURATE, YORK, OVER, T C, PEOPLE, T I, PM",0.0,Event,,AGREED
161,Fishing boat fire at night in the largest harbor of the Central region,Fishing boat fire at night in the largest harbor of the Central region,"On the evening of September 7, 2026, a fishing boat caught fire at Tho Quang harbor (Han River, Son Tra ward, Da Nang), threatening hundreds of moored vessels; firefighters and boats contained the blaze within about 30 minutes.",Abeer Khan,2026-09-07 15:51:29.746,2026-09-07 16:50:15.197,Abeer Khan,2026-09-07 16:57:51.187,CE LINK,0.0,Event,,AGREED
162,NDP stands with workers on Labour Day to defend the right to strike,NDP stands with workers on Labour Day to defend the right to strike,"NDP leaders and thousands of union members marched in Toronto on Labour Day to defend the right to strike, urging repeal of Section 107 and passage of Bill C-247 as the federal government reviews the Canada Labour Code.",Deepika Rao,2026-09-07 15:51:24.835,2026-09-07 16:10:04.133,Deepika Rao,2026-09-07 16:16:08.207,"THAT, AND, SCALES, TIP, CE LINK, ON",0.0,Non-Event,,AGREED
163,"Overturned serving trays, masked cameras and fires started: a riot begins at the Lyon CRA","Overturned serving trays, masked cameras and fires started: a riot begins at the Lyon CRA","...ont &eacute;t&eacute; hospitalis&eacute;s. La situation a n&eacute;cessit&eacute; l'intervention des pompiers de l'a&eacute;roport mais aussi de Meyzieu et D&eacute;cines. Deux autres d&eacute;parts de feu ont ensuite &eacute;t&eacute; rapidement ma&icirc;tris&eacute;s, sur...",Deepika Rao,2026-09-07 15:51:21.534,2026-09-07 16:19:50.324,Deepika Rao,2026-09-07 16:29:44.317,"A, AU, LA, CE LINK",0.0,Event,,AGREED
164,THE STANDARD - USER LOGIN,THE STANDARD - USER LOGIN,Article is a simple login notice for THE STANDARD website; no explicit cyber-attack or disruption details provided.,Deepika Rao,2026-09-07 15:51:19.210,2026-09-07 16:10:04.133,Deepika Rao,2026-09-07 16:16:08.207,"THAT, M INTERNATIONAL, SUDAN, USE, SAF, INTERNATIONAL, CE LINK",1.0,Non-Event,,AGREED
165,Online Maths Learning Platform Mathspace Disclosed Data Breach Impacts 1 Million Users,Online Maths Learning Platform Mathspace Disclosed Data Breach Impacts 1 Million Users,"Mathspace, a Sydney-based edtech platform, confirmed a cyberattack exploiting a flaw in internal reporting software that exposed personal data of over one million students, parents and school staff across Australia and New Zealand.",Abeer Khan,2026-09-07 15:49:19.296,2026-09-07 16:50:15.197,Abeer Khan,2026-09-07 16:57:51.187,"THAT, A, 1, CE LINK",0.0,Event,,AGREED
166,Economic location Saxony-Anhalt; The most important thing is the issue of jobs Florida Eis sticks to new plant,Economic location Saxony-Anhalt; The most important thing is the issue of jobs Florida Eis sticks to new plant,Mittelst&auml;ndler Florida Eis plant ein neues Werk in Sachsen-Anhalt. Inhaber Olaf H&ouml;hn fordert ein offenes Klima f&uuml;r dringend ben&ouml;tigte Fachkr&auml;fte aus dem Ausland. Es gebe bereits Signale seitens der...,Deepika Rao,2026-09-07 15:46:31.132,2026-09-07 16:10:04.133,Deepika Rao,2026-09-07 16:16:08.207,"DAS, IST, AN, EIS, CE LINK",0.0,Non-Event,,AGREED
167,"Italian Guanciale Recalled Across 8 States Over Listeria Fears After Florida, NJ Shipments","Italian Guanciale Recalled Across 8 States Over Listeria Fears After Florida, NJ Shipments","Two US importers — Prime Line Distributors and Ferrarini USA — recalled 1,513 pounds of imported Italian guanciale produced by Bomè S.r.l. in Trentino after port re-inspection found Listeria monocytogenes; products were distributed across eight US states.",Abeer Khan,2026-09-07 15:43:26.636,2026-09-07 16:50:15.197,Abeer Khan,2026-09-07 16:57:51.187,"A, OVER, AS, AND, IS, NJ, T I, CLASSIC, CE LINK",0.0,Event,,AGREED
168,SBB completes 7bn portfolio sale,SBB completes 7bn portfolio sale,"Sweden-based SBB received approval to sell SBB Residential Property and residential assets within SBB Development to Klarabo for about €7bn, enabling redemption of 13% dividend preference shares and lifting earnings for common shareholders; completion expected September 23.",Deepika Rao,2026-09-07 15:42:29.275,2026-09-07 16:19:50.324,Deepika Rao,2026-09-07 16:29:44.317,"SALE, AND, OFFICE T, CE LINK, COMPANY",0.0,Event,,AGREED
169,Access all areas - Haunting 360 footage reveals scale of destruction after deadly landslide at Gyirong Port,Access all areas - Haunting 360 footage reveals scale of destruction after deadly landslide at Gyirong Port,"...painstaking search was now nearing its final stages. 
&quot;The search and rescue operation is now drawing to a close; only parts of Zones 5, 6 and 7 have not yet been fully cleared to ground level...",Abeer Khan,2026-09-07 15:41:35.595,2026-09-07 16:50:15.197,Abeer Khan,2026-09-07 16:57:51.187,"A, ALL, AT, PORT, 6, NOW, AND, 7, IS, ZONES, ACCESS, CE LINK",0.0,Event,,AGREED
170,Chhatak Cement plant modernisation remains unfinished after 10 years - Cement Sector News,Chhatak Cement plant modernisation remains unfinished after 10 years - Cement Sector News,"Chhatak Cement's modernisation remains unfinished; production has been suspended for over six years due to limestone and gas shortages, incomplete ropeway and gas pipeline, forcing monthly borrowing to pay 200 employees; restart not expected before June 2027.",Deepika Rao,2026-09-07 15:41:35.237,2026-09-07 16:10:04.133,Deepika Rao,2026-09-07 16:16:08.207,"SIX, AND, COMPANY H, E COMPANY, CE LINK, PRODUCTION, COMPANY",0.0,Non-Event,,AGREED
171,Turbidity limits operation of drinking water treatment plant in Culiacán,Turbidity limits operation of drinking water treatment plant in Culiacán,"The Juan de Dios Bátiz Paredes drinking water plant in Culiacán limited operations after Tamazula River turbidity reached up to 7,000 NTU. JAPAC reduced processing flow; multiple neighborhoods may experience reduced pressure or interruptions while water quality is monitored.",Deepika Rao,2026-09-07 15:41:33.200,2026-09-07 16:19:50.324,Deepika Rao,2026-09-07 16:29:44.317,"LA, EL, CE LINK",0.0,Event,,AGREED
172,"Runway overrun - Amazon cargo jet bursts into flames after ploughing into vehicles at Miami airport, killing at least five","Runway overrun - Amazon cargo jet bursts into flames after ploughing into vehicles at Miami airport, killing at least five","...Runway 30 shortly before 14:00 local time. 
Firefighters used foam and specialist airport equipment to extinguish the blaze, while hazardous materials teams shut down the aircraft's engine and...",Abeer Khan,2026-09-07 15:41:32.049,2026-09-07 16:50:15.197,Abeer Khan,2026-09-07 16:57:51.187,"AMAZON, FIVE, AT, AIRPORT, AND, LOCAL, JET, T EQUIPMENT, CE LINK, SPECIALIST",0.0,Event,,AGREED
173,"Monday NewsHawk Update: Gulf Risk, Canadian Tariffs, Northern Rain and Thunder Bay Rail Jobs","Monday NewsHawk Update: Gulf Risk, Canadian Tariffs, Northern Rain and Thunder Bay Rail Jobs","Iran plans to announce a restricted shipping zone and corridor in the Gulf that could further reduce commercial traffic through the Strait of Hormuz, already down to about 10 ships per day, risking higher fuel and freight costs globally.",Deepika Rao,2026-09-07 15:41:27.549,2026-09-07 16:10:04.133,Deepika Rao,2026-09-07 16:16:08.207,"ND PAPER, AND, FOCUS, GULF, UNITED, CE LINK, ON",0.0,Non-Event,,AGREED
174,Disruptions to cement supply in Malaysia to be resolved by mid-September 2026 - Cement Sector News,Disruptions to cement supply in Malaysia to be resolved by mid-September 2026 - Cement Sector News,Cement supply disruption in Sabah was caused by repair and maintenance at CIS's Teluk Sepangar plant and logistical delays (vessel arrivals delayed by bad weather). Company completed technical works on 4 Sep and expects market recovery by mid-September 2026.,Deepika Rao,2026-09-07 15:41:19.639,2026-09-07 16:10:04.133,Deepika Rao,2026-09-07 16:16:08.207,"THAT, BE, MALAYSIA, AND, BY, CE LINK",0.0,Non-Event,,AGREED
175,9/07/2008: Futura International Airways Ceases Operations,9/07/2008: Futura International Airways Ceases Operations,"On September 7, 2008, Palma de Mallorca-based Futura International Airways (FH) halted operations amid financial difficulties. The Spanish charter airline initially sought a way to restart, but...",Abeer Khan,2026-09-07 15:41:19.573,2026-09-07 16:50:15.197,Abeer Khan,2026-09-07 16:57:51.187,"A, INTERNATIONAL, WAY, CE LINK, ON",0.0,Event,,AGREED
176,General Hydrocarbons moves to settle USD 105 million adverse arbitral award,General Hydrocarbons moves to settle USD 105 million adverse arbitral award,"General Hydrocarbons (Lagos-based) offered Dolphin Drilling a non-binding settlement for a USD 105m arbitration award by proposing partial cash payment and returning the Blackford Dolphin rig, while Dolphin pursues collection; rig currently contracted in India; legal enforcement in Lagos.",Deepika Rao,2026-09-07 15:41:19.054,2026-09-07 16:10:04.133,Deepika Rao,2026-09-07 16:16:08.207,"A, COMPANY I, AND, IS, GENERAL, T I, CE LINK, COMPANY",0.0,Non-Event,,AGREED
177,"Hurricane Lowell’s forecast path shifts closer to Hawaii, increasing danger","Hurricane Lowell’s forecast path shifts closer to Hawaii, increasing danger","...the third storm in just over three weeks to target Hawaii, as El Ni&ntilde;o supercharges the Pacific hurricane season. ⛈️ Lowell is a Category 3 hurricane as of early Monday morning, local time, with...",Abeer Khan,2026-09-07 15:40:37.564,2026-09-07 16:50:15.197,Abeer Khan,2026-09-07 16:57:51.187,"TARGET, PATH, A, LOWELL, PACIFIC, EL, IS, STORM, OVER, AS, 3, LOCAL, CE LINK",0.0,Event,,AGREED
178,"JLR plans 4,000 job cuts as tariffs sharpen its US push","JLR plans 4,000 job cuts as tariffs sharpen its US push","...September 7, 2026, Reuters reported that Jaguar Land Rover announced plans to cut around 4,000 jobs globally over two years through a voluntary redundancy program.

UK Business Minister Jonathan...",Abeer Khan,2026-09-07 15:40:36.252,2026-09-07 16:50:15.197,Abeer Khan,2026-09-07 16:57:51.187,"THAT, OVER, A, AS, JAGUAR LAND ROVER, REUTERS, BS GLOBAL, CE LINK, SHARPEN",0.0,Event,,AGREED
179,"NIO Capital plans to invest 586 million yuan to enter Jinzhong Co., acquiring a 19.5% stake to become the second-largest shareholder; the listed company turned from profit to loss in the first half of the year.","NIO Capital plans to invest 586 million yuan to enter Jinzhong Co., acquiring a 19.5% stake to become the second-largest shareholder; the listed company turned from profit to loss in the first half of the year.",Hangzhou Weizhi (Weilai/NIO Capital) agreed on Sept 3 to acquire 19.5% of Jinzhong for ~586M CNY; Jinzhong also plans acquisitions of Kaichi and Mengdachi to expand into exterior automotive parts.,Abeer Khan,2026-09-07 15:40:30.327,2026-09-07 16:50:15.197,Abeer Khan,2026-09-07 16:57:51.187,CE LINK,0.0,Event,,AGREED
180,Bank workers' strike continues on Tuesday (8) in Pará; assembly decides to maintain the movement,Bank workers' strike continues on Tuesday (8) in Pará; assembly decides to maintain the movement,"Bank workers in Pará, Brazil, continued a strike on Sept 8, 2026, closing about 70% of bank agencies statewide; unions planned assemblies and mobilizations at Banco da Amazônia and Caixa branches in Belém and São Brás to decide continuation.",Abeer Khan,2026-09-07 15:33:19.127,2026-09-07 16:50:15.197,Abeer Khan,2026-09-07 16:57:51.187,"A, NO, NA, MOVIMENTO, CE LINK, O",1.0,Event,,AGREED
181,Bank workers' strike continues on Tuesday (8) in Pará; assembly decides to maintain the movement,Bank workers reject proposals and start a strike on Tuesday in Mossoró,"Bank workers in Mossoró voted overwhelmingly to begin an indefinite strike on Sept 8, 2026, rejecting proposals from Fenaban, Caixa and Banco do Brasil, seeking wage increases and workplace protections; branches' public service will halt.",Abeer Khan,2026-09-07 16:14:36.410,2026-09-07 16:50:15.197,Abeer Khan,2026-09-07 16:57:51.187,"A, NAS, AS, NA, E, CE LINK",1.0,Event,,AGREED
182,Pipeline Construction Manager Jobs,Pipeline Construction Manager Jobs,"Williams completed acquisition of M6 Midstream (Momentum) from EnCap Flatrock for ~$5.5B, adding 4,000+ miles of pipelines, major capacity and projects (Delta Access, Shelby Trough Connector) to serve Gulf Coast LNG demand.",Deepika Rao,2026-09-07 15:32:29.720,2026-09-07 16:19:50.324,Deepika Rao,2026-09-07 16:29:44.317,"AND, S COMPANY, CE LINK, COMPANY, B M",0.0,Event,,AGREED
183,Diversified Energy expands Permian scale with $1.8bn Birch deal,Diversified Energy expands Permian scale with $1.8bn Birch deal,"Diversified Energy will acquire Birch Permian Holdings for $1.8bn, adding ~480 wells, midstream infrastructure and increasing production and oil/liquids exposure; deal expected to close Q4 2026 pending regulatory approval.",Deepika Rao,2026-09-07 15:32:28.228,2026-09-07 16:19:50.324,Deepika Rao,2026-09-07 16:29:44.317,"THAT, A, DIVERSIFIED, XPAND IT, AND, COMPANY H, CE LINK, COMPANY",0.0,Event,,AGREED
184,Idle cement plant in Armenia acquired - Cement Sector News,Idle cement plant in Armenia acquired - Cement Sector News,"Businessman Narek Nalbandyan acquired the long-idle Hrazdan cement plant in Armenia; he plans large-scale investment to modernise equipment, restore cement production capacity, and create jobs after prior bankruptcy halted operations.",Deepika Rao,2026-09-07 15:32:27.254,2026-09-07 16:10:04.133,Deepika Rao,2026-09-07 16:16:08.207,"T I, CE LINK",0.0,Non-Event,,AGREED
185,"Udaan Acquires Swiggy's Lynk Logistics For Rs 500 Crore, Swiggy To Get 3.2% Stake In Company","Udaan Acquires Swiggy's Lynk Logistics For Rs 500 Crore, Swiggy To Get 3.2% Stake In Company","Udaan has acquired Swiggy's Lynk Logistics business for Rs 500 crore, receiving a 3.2% stake for Swiggy; this business unit sale may alter logistics contracts and operations in India.",Abeer Khan,2026-09-07 15:32:23.087,2026-09-07 16:50:15.197,Abeer Khan,2026-09-07 16:57:51.187,"THAT, A, LOGISTICS, RS, UDAAN, AND, E COMPANY, N COMPANY, CE LINK, COMPANY",1.0,Event,,AGREED
186,Overall Green Tropical Cyclone for KARINA-26 Off-shore from 27 Aug 2026 21:00 UTC to 07 Sep 2026 03:00 UTC,Overall Green Tropical Cyclone for KARINA-26 Off-shore from 27 Aug 2026 21:00 UTC to 07 Sep 2026 03:00 UTC,"GDACS alert for Tropical Cyclone KARINA-26 (Category 4) active offshore in the Central Pacific from 27 Aug to 07 Sep 2026 with maximum winds 231 km/h, minor storm surge (0.1 m) and no exposed population reported.",Deepika Rao,2026-09-07 15:31:30.335,2026-09-07 16:10:04.133,Deepika Rao,2026-09-07 16:16:08.207,"STORM, 0, A, 1, ACTIVE, BY, IS, THESE CO, CE LINK",0.0,Non-Event,,AGREED
187,Frit Ravich will invest 115 million in a new factory and a distribution center; FOOD COMPANIES,Frit Ravich will invest 115 million in a new factory and a distribution center; FOOD COMPANIES,"...rapidez a las tendencias cambiantes del mercado y a los picos de demanda sin perder competitividad operativa ni log&iacute;stica.

La nueva planta contribuir&aacute; a duplicar la capacidad total de producci&oacute;n...",Deepika Rao,2026-09-07 15:30:37.080,2026-09-07 16:10:04.133,Deepika Rao,2026-09-07 16:16:08.207,"TOTAL, A, LA, Y, SIN, CE LINK, LAS",0.0,Non-Event,,AGREED
188,"UN Rights chief urges States to halt arms transfers to Israel, warns of AI risks","UN Rights chief urges States to halt arms transfers to Israel, warns of AI risks","...risk they could be used to violate international law, while calling on companies to end business practices supporting Israeli settlements in the occupied West Bank.

Addressing the opening of...",Deepika Rao,2026-09-07 15:30:36.391,2026-09-07 16:10:04.133,Deepika Rao,2026-09-07 16:16:08.207,"BE, WEST, AI, END, INTERNATIONAL, CE LINK, ON",0.0,Non-Event,,AGREED
189,Sheinbaum opens consultation with communities over ammonia plant in Topolobampo; construction continues and Green Peace protests,Sheinbaum opens consultation with communities over ammonia plant in Topolobampo; construction continues and Green Peace protests,"...seg&uacute;n los pobladores, no se han cumplido, adem&aacute;s de preocupaciones sobre la contaminaci&oacute;n existente en la zona.

&ldquo;Se est&aacute; trabajando para que la empresa cumpla con esos compromisos. Hay otros...",Deepika Rao,2026-09-07 15:30:36.087,2026-09-07 16:10:04.133,Deepika Rao,2026-09-07 16:16:08.207,"NO, HAN, LA, Y, CE LINK",0.0,Non-Event,,AGREED
190,"Satya Niketan building collapse: Rescue operation ends, 5 survivors hospitalised; death toll 7","Satya Niketan building collapse: Rescue operation ends, 5 survivors hospitalised; death toll 7","...a Look Out Circular (LOC) against him as the investigation into the collapse intensified.

Earlier on Monday, the Municipal Corporation of Delhi (MCD) suspended five employees in connection with...",Deepika Rao,2026-09-07 15:30:35.786,2026-09-07 16:10:04.133,Deepika Rao,2026-09-07 16:16:08.207,"CONNECTION, AS, FIVE, 5, T C, 7, CORPORATION, CE LINK, ON",0.0,Non-Event,,AGREED
191,Fire at Polish prefab house manufacturer Domy Drewniane Bartek,Fire at Polish prefab house manufacturer Domy Drewniane Bartek,"A night fire on September 3-4, 2026 severely damaged multiple production facilities at Domy Drewniane Bartek's Radzyń Podlaski prefabricated house manufacturing site in Poland.",Deepika Rao,2026-09-07 15:30:35.476,2026-09-07 16:19:50.324,Deepika Rao,2026-09-07 16:29:44.317,"BARTEK, CE LINK",0.0,Event,,AGREED
192,"Qalibaf Warns US of Reciprocal Strikes on Oil, Gas Assets","Qalibaf Warns US of Reciprocal Strikes on Oil, Gas Assets","Iranian parliament speaker Mohammad Bagher Ghalibaf warned that any US strike on Iranian assets would prompt reciprocal attacks on American oil and gas interests and tankers, escalating geopolitical risk to energy infrastructure and maritime shipping in regional waters.",Deepika Rao,2026-09-07 15:30:33.700,2026-09-07 16:10:04.133,Deepika Rao,2026-09-07 16:16:08.207,"THAT, BE, E ON, AND, CE LINK, PRODUCTION, ON",1.0,Non-Event,,AGREED
193,"Qalibaf Warns US of Reciprocal Strikes on Oil, Gas Assets",Strike our assets and you get struck': Iran warns US of retaliation over fresh attacks | World News,Iran warned of retaliation after US strikes; Iran plans a restricted zone and shipping corridor changes in the Strait of Hormuz. Reduced transits and strikes on tankers raised oil prices and risk further disruption to global oil flows.,Deepika Rao,2026-09-07 15:57:29.362,2026-09-07 16:10:04.133,Deepika Rao,2026-09-07 16:16:08.207,"OVER, TOP, AND, IS, CE LINK, OPEN, ON",1.0,Non-Event,,AGREED
194,Fire in a warehouse in an industrial estate in Alcalá de Guadaíra (Seville); EVENTS FIRES,Fire in a warehouse in an industrial estate in Alcalá de Guadaíra (Seville); EVENTS FIRES,"...bomberos de la provincia de Sevilla trabajan en la extinci&oacute;n de un incendio que afecta a una nave de producci&oacute;n de madera en el pol&iacute;gono industrial La Red de Alcal&aacute; de Guada&iacute;ra, un fuego que...",Deepika Rao,2026-09-07 15:30:33.068,2026-09-07 16:10:04.133,Deepika Rao,2026-09-07 16:16:08.207,"A, LA, EL, INDUSTRIAL, CE LINK",0.0,Non-Event,,AGREED
195,Astute Group Confirms New CEO,Astute Group Confirms New CEO,"Astute Group announced that founder Geoff Hill becomes Chairman and Aran Coker, formerly International Business Director, is appointed CEO to drive global growth and expand services.",Abeer Khan,2026-09-07 15:30:32.121,2026-09-07 16:50:15.197,Abeer Khan,2026-09-07 16:57:51.187,"ASTUTE, AND, TEAM, CE LINK",0.0,Event,,AGREED
196,The metallurgical industry calls in Brussels for policies to maintain production in the EU; EU INDUSTRY,The metallurgical industry calls in Brussels for policies to maintain production in the EU; EU INDUSTRY,"...importan productos ya terminados, lo que a su vez alienta que la producci&oacute;n salga de Europa y pone en peligro empleos e inversiones en el continente, seg&uacute;n el sector. 

&quot;Es una competencia injusta...",Deepika Rao,2026-09-07 15:30:31.694,2026-09-07 16:10:04.133,Deepika Rao,2026-09-07 16:16:08.207,"A, PRODUCTOS, LA, E, EL, Y, EUROPA, CE LINK, INDUSTRIA",0.0,Non-Event,,AGREED
197,"Delhi Satya Niketan PG Collapse: Absconding owner held in Rajasthan's Bhiwadi, MCD suspends 5 officials","Delhi Satya Niketan PG Collapse: Absconding owner held in Rajasthan's Bhiwadi, MCD suspends 5 officials","...a major crackdown by the Delhi Government following the Satya Niketan building collapse, the Municipal Corporation of Delhi (MCD) suspended multiple officials on Monday.

According to the MCD...",Deepika Rao,2026-09-07 15:30:29.227,2026-09-07 16:10:04.133,Deepika Rao,2026-09-07 16:16:08.207,"MAJOR, 5, BY, HI G, CORPORATION, MULTIPLE, CE LINK, ON",0.0,Non-Event,,AGREED
198,"Ruinous, dangerous' condition: 4 buildings near Delhi collapse site get notices; A building can be vacated and demolished if declared unsafe after a survey","Ruinous, dangerous' condition: 4 buildings near Delhi collapse site get notices; A building can be vacated and demolished if declared unsafe after a survey","...collapse at Satya Nikaten on Sunday that claimed 7 lives, the Municipal Corporation of Delhi (MCD) has issued vacation notices for several properties surrounding the collapse s...",Deepika Rao,2026-09-07 15:30:29.151,2026-09-07 16:10:04.133,Deepika Rao,2026-09-07 16:16:08.207,"THAT, A, AT, BE, 4, T C, 7, AND, CORPORATION, CE LINK, ON",0.0,Non-Event,,AGREED
199,Crisis looms as 11K pharmaceutical technologists threaten to strike,Crisis looms as 11K pharmaceutical technologists threaten to strike,"Over 11,000 pharmaceutical technologists in Kenya threatened strike on Sept 7, 2026, after Pharmacy and Poisons Board guidelines would bar diploma-level technologists from handling medicines in Level 3-4 facilities, threatening service disruptions across 3,569 public facilities.",Abeer Khan,2026-09-07 15:30:27.762,2026-09-07 16:50:15.197,Abeer Khan,2026-09-07 16:57:51.187,"THAT, AS, BAR, AL TECH, CE LINK, ON",0.0,Event,,AGREED
200,RNLI boat denied entry to ports and threatened with legal action after picking up 140 migrants in English Channel,RNLI boat denied entry to ports and threatened with legal action after picking up 140 migrants in English Channel,"An RNLI vessel that rescued 140 migrants in the English Channel was denied entry to ports and threatened with legal action, with local anti-migrant protests around Portsmouth, Gosport and Eastney Point affecting access and operations.",Abeer Khan,2026-09-07 15:30:20.971,2026-09-07 16:50:15.197,Abeer Khan,2026-09-07 16:57:51.187,"AS, VITAL, SEE, AT, BE, CHANNEL, AND, UP, PM, CE LINK, ROYAL",0.0,Event,,AGREED
